total_calls,town_year,total_time,muni,year,A_PS,pop_est,t_rev,t_tax,r_tax
50178.0,bensalem township 2012,1689087.0,bensalem township,2012,22026390.6,60451,49775602.2,16245474.2,11548500.8
46027.0,bristol township 2012,1373679.0,bristol township,2012,12415615.2,54691,41613200.0,20832388.2,13253509.6
31756.0,middletown township 2012,872945.0,middletown township,2012,9097715.0,45477,34042635.6,13223590.0,8806927.8
25584.0,falls township 2012,985940.0,falls township,2012,9187103.6,34367,30925622.2,3219740.6,2299377.2
24790.0,warminster township 2012,663852.0,warminster township,2012,7021603.4,32691,23371518.0,10661879.2,4808437.0
15647.0,northampton township 2012,324636.0,northampton township,2012,5596199.6,39783,30632944.6,13823838.6,6142192.4
14858.0,lower southampton township 2012,347796.0,lower southampton township,2012,4954219.0,19015,21513391.4,9216269.0,4211733.6
14534.0,lower makefield township 2012,318258.0,lower makefield township,2012,4049123.2,32630,26330871.0,8945968.4,7690856.2
12170.0,warrington township 2012,341691.0,warrington township,2012,3653036.0,23210,23597923.6,8048088.8,3532647.8
10756.0,newtown township 2012,235444.0,newtown township,2012,3971275.6,19332,16222837.0,7992184.0,798179.6
10606.0,doylestown township 2012,275932.0,doylestown township,2012,2015439.8,17608,11989637.8,6645618.6,2233365.4
10186.0,bristol borough 2012,243660.0,bristol borough,2012,2407900.8,9739,15751846.4,3927110.6,3805828.4
10165.0,upper southampton township 2012,218079.0,upper southampton township,2012,2297565.6,15223,11570987.2,7750938.8,5048911.6
9032.0,doylestown borough 2012,207186.0,doylestown borough,2012,1978695.8,8381,7471456.6,3158332.6,1124940.8
8837.0,warwick township 2012,183224.0,warwick township,2012,2251274.4,14387,10623272.0,6281540.4,3093427.2
8503.0,hilltown township 2012,203050.0,hilltown township,2012,2867992.6,14955,7686043.8,5205265.8,1585214.0
8160.0,quakertown borough 2012,189430.0,quakertown borough,2012,1852828.2,8995,27237524.2,1343312.6,128688.2
8138.0,richland township 2012,184512.0,richland township,2012,1577676.8,12912,7324992.2,3670908.4,1238317.6
8083.0,buckingham township 2012,203465.0,buckingham township,2012,3191552.2,20011,20275171.4,7059266.2,1454926.6
7682.0,morrisville borough 2012,211816.0,morrisville borough,2012,1535330.2,8793,5609450.8,2544639.0,2437132.8
6171.0,new britain township 2012,145476.0,new britain township,2012,1728319.4,11063,6259673.4,4668538.6,1887086.6
5530.0,plumstead township 2012,142070.0,plumstead township,2012,2252949.8,12441,12416947.6,5105746.8,2206875.2
5344.0,solebury township 2012,117885.0,solebury township,2012,1518017.4,8650,13929902.6,7186388.6,4073095.8
4881.0,perkasie borough 2012,123391.0,perkasie borough,2012,2607789.8,8542,16780262.8,1729670.8,467335.4
4360.0,west rockhill township 2012,116399.0,west rockhill township,2012,969251.4,5240,2808958.4,1821759.6,406217.2
4197.0,upper makefield township 2012,112368.0,upper makefield township,2012,1755002.0,8170,11347695.6,6450409.8,2919710.6
4029.0,tullytown borough 2012,121647.0,tullytown borough,2012,1286377.0,1791,7324821.4,591695.4,277873.8
3742.0,new hope borough 2012,95924.0,new hope borough,2012,1353713.0,2518,4803111.0,1786061.2,626434.4
3216.0,chalfont borough 2012,59070.0,chalfont borough,2012,780438.2,4020,2533113.2,1326418.0,582639.8
3212.0,penndel borough 2012,82915.0,penndel borough,2012,310752.6,2460,1588007.8,347269.6,229105.4
2843.0,milford township 2012,7840.0,milford township,2012,0.0,9880,4970297.8,2303619.6,296855.8
2720.0,yardley borough 2012,55583.0,yardley borough,2012,390470.2,2388,1981642.2,675662.4,484934.0
2566.0,new britain borough 2012,61641.0,new britain borough,2012,617706.8,3143,1447682.4,1105237.2,660737.0
2474.0,bedminster township 2012,57301.0,bedminster township,2012,917848.6,6612,3765310.4,2343025.2,750574.8
2438.0,springfield township 2012,59012.0,springfield township,2012,405724.4,5039,3292734.0,1475052.2,302563.6
2370.0,newtown borough 2012,40100.0,newtown borough,2012,530448.4,2211,1740829.6,1173279.4,283961.4
2188.0,tinicum township 2012,58164.0,tinicum township,2012,515605.6,4011,3939910.8,1725268.4,608653.0
2150.0,sellersville borough 2012,59586.0,sellersville borough,2012,702204.6,4266,4057887.0,1060300.4,452977.6
2082.0,east rockhill township 2012,64479.0,east rockhill township,2012,928729.0,5684,3464747.0,1822716.0,501711.2
1917.0,wrightstown township 2012,47340.0,wrightstown township,2012,465375.8,3014,4096741.4,1506061.8,471469.4
1156.0,langhorne borough 2012,22523.0,langhorne borough,2012,187879.2,1508,649638.4,260598.4,155599.2
1086.0,nockamixon township 2012,13363.0,nockamixon township,2012,0.0,3452,1316802.0,955143.4,214974.6
1077.0,dublin borough 2012,24598.0,dublin borough,2012,324743.0,2338,1863683.8,484289.6,185333.6
732.0,ivyland borough 2012,16608.0,ivyland borough,2012,169145.0,1130,723862.6,479641.2,181353.6
664.0,langhorne manor borough 2012,9135.0,langhorne manor borough,2012,74239.2,1340,710916.0,106344.6,84523.2
512.0,hulmeville borough 2012,7553.0,hulmeville borough,2012,54162.8,1037,536397.0,95146.6,81316.2
455.0,haycock township 2012,2519.0,haycock township,2012,0.0,2188,686721.0,445123.8,107043.8
364.0,silverdale borough 2012,8017.0,silverdale borough,2012,70489.4,910,441510.0,148297.2,25943.8
361.0,durham township 2012,2550.0,durham township,2012,0.0,1231,531743.8,232021.6,46128.8
300.0,richlandtown borough 2012,1366.0,richlandtown borough,2012,0.0,1387,587306.6,150695.8,11189.6
286.0,bridgeton township 2012,2472.0,bridgeton township,2012,0.0,1298,340580.4,243482.6,82992.0
240.0,trumbauersville borough 2012,1199.0,trumbauersville borough,2012,0.0,1005,570079.0,140088.4,22208.4
182.0,riegelsville borough 2012,885.0,riegelsville borough,2012,3.6,776,516541.0,202527.0,92452.2
48969.0,bensalem township 2013,1642324.0,bensalem township,2013,22298230.4,60453,50127777.4,16498781.6,11846954.2
42530.0,bristol township 2013,1281443.0,bristol township,2013,12841765.0,54558,45349830.0,22336196.8,14595840.2
29611.0,middletown township 2013,835753.0,middletown township,2013,9585564.8,45478,32171610.4,13516015.4,9089785.4
24823.0,falls township 2013,928437.0,falls township,2013,9819464.2,34238,31230046.0,3242956.8,2290694.2
23313.0,warminster township 2013,658069.0,warminster township,2013,6928379.2,32727,23601815.2,11015550.2,5185610.4
14425.0,lower makefield township 2013,318742.0,lower makefield township,2013,4209128.6,32629,28128505.4,9057861.6,7725579.0
14329.0,northampton township 2013,288463.0,northampton township,2013,5745506.2,39739,30304248.4,14327455.2,6347917.2
13803.0,lower southampton township 2013,326833.0,lower southampton township,2013,5209773.8,18956,22354991.2,9499066.0,4261658.2
12747.0,warrington township 2013,333195.0,warrington township,2013,3902891.2,23426,23867696.0,8490014.0,3787035.6
11406.0,newtown township 2013,227207.0,newtown township,2013,4028070.6,19388,14349811.0,8205874.0,804314.6
10598.0,doylestown township 2013,272814.0,doylestown township,2013,2009476.8,17647,11168726.2,6908681.4,2403835.6
9860.0,bristol borough 2013,250106.0,bristol borough,2013,2428055.2,9699,13853708.6,3923157.2,3808010.6
8932.0,upper southampton township 2013,201435.0,upper southampton township,2013,2303600.0,15197,11511179.0,7575085.6,4836995.6
8864.0,doylestown borough 2013,193890.0,doylestown borough,2013,2124851.8,8371,8040015.0,3302799.2,1212285.6
8439.0,hilltown township 2013,207696.0,hilltown township,2013,2958447.8,15045,7965465.6,5415974.6,1671019.8
8316.0,warwick township 2013,184273.0,warwick township,2013,2345432.2,14505,10905953.6,6623389.0,3271768.6
8302.0,quakertown borough 2013,191709.0,quakertown borough,2013,1902242.0,8965,27414939.4,1320104.6,128620.0
7910.0,morrisville borough 2013,234148.0,morrisville borough,2013,1556833.8,8731,5481990.6,2592178.4,2491382.0
7840.0,richland township 2013,186198.0,richland township,2013,1627513.6,12996,7487297.2,3963162.2,1456738.8
7778.0,buckingham township 2013,176076.0,buckingham township,2013,3306092.6,20161,20408452.6,7593720.4,1772509.8
5847.0,new britain township 2013,137705.0,new britain township,2013,1797518.4,11059,6463253.2,4775529.6,1916605.0
5320.0,plumstead township 2013,128377.0,plumstead township,2013,2425455.8,12572,15215134.6,5492212.8,2386271.0
4893.0,solebury township 2013,105606.0,solebury township,2013,1605750.0,8688,14225497.2,7541775.8,4329813.0
4850.0,perkasie borough 2013,117483.0,perkasie borough,2013,2673688.2,8530,17600040.4,1747454.6,467110.2
4533.0,west rockhill township 2013,119249.0,west rockhill township,2013,979479.0,5256,2723443.8,1806900.6,405592.0
4059.0,tullytown borough 2013,134611.0,tullytown borough,2013,1408939.4,1799,5754113.2,653088.8,291196.4
3790.0,upper makefield township 2013,92090.0,upper makefield township,2013,1745947.4,8204,10671632.2,6606921.0,2948999.6
3456.0,new hope borough 2013,84114.0,new hope borough,2013,1424370.2,2514,4881728.8,1866326.8,651572.6
3098.0,penndel borough 2013,77627.0,penndel borough,2013,340679.0,2483,1675919.6,372005.6,255609.0
2695.0,yardley borough 2013,49876.0,yardley borough,2013,423932.0,2349,2320737.0,671192.4,488937.2
2622.0,bedminster township 2013,62247.0,bedminster township,2013,935616.4,6748,3906394.4,2458343.0,759825.4
2539.0,chalfont borough 2013,47949.0,chalfont borough,2013,828543.4,4035,2592418.8,1387507.4,621111.4
2432.0,milford township 2013,6383.0,milford township,2013,0.0,9903,4685037.0,2438010.6,296939.6
2402.0,newtown borough 2013,38715.0,newtown borough,2013,556558.4,2222,1773552.8,1258294.6,309804.2
2320.0,springfield township 2013,51069.0,springfield township,2013,443161.0,5045,3239338.8,1482136.0,322521.0
2252.0,sellersville borough 2013,61488.0,sellersville borough,2013,755774.8,4250,4033500.6,1130605.8,517110.8
2186.0,new britain borough 2013,47543.0,new britain borough,2013,659030.6,3052,1567941.0,1184147.4,716183.0
2138.0,tinicum township 2013,51531.0,tinicum township,2013,548727.2,3992,3947235.8,1778881.2,648001.0
2077.0,wrightstown township 2013,43713.0,wrightstown township,2013,496126.8,3051,3395167.4,1554690.8,468698.4
1933.0,east rockhill township 2013,58060.0,east rockhill township,2013,942041.8,5716,3577518.6,1883788.2,543382.8
1284.0,langhorne borough 2013,23485.0,langhorne borough,2013,188778.8,1542,680778.2,274770.2,160532.8
1155.0,dublin borough 2013,28326.0,dublin borough,2013,350677.6,2286,1935260.4,489843.6,183962.4
1062.0,nockamixon township 2013,10686.0,nockamixon township,2013,0.0,3436,1359352.4,1021782.0,268430.2
618.0,langhorne manor borough 2013,8145.0,langhorne manor borough,2013,82291.4,1383,795932.8,105503.2,84467.6
573.0,hulmeville borough 2013,6215.0,hulmeville borough,2013,61264.8,948,519925.8,95547.4,85251.6
549.0,ivyland borough 2013,13407.0,ivyland borough,2013,166278.2,1038,753668.6,511872.2,186607.6
438.0,haycock township 2013,2934.0,haycock township,2013,0.0,2043,715471.8,476633.0,134454.6
334.0,silverdale borough 2013,6474.0,silverdale borough,2013,74255.2,991,438865.0,147969.2,25491.8
328.0,durham township 2013,2333.0,durham township,2013,0.0,1104,467133.2,242336.8,58451.4
311.0,richlandtown borough 2013,1709.0,richlandtown borough,2013,0.0,1314,584408.4,150972.2,11315.2
282.0,bridgeton township 2013,2203.0,bridgeton township,2013,0.0,1359,350589.4,255798.2,93654.8
166.0,trumbauersville borough 2013,594.0,trumbauersville borough,2013,0.0,1095,585125.2,140455.6,21041.8
164.0,riegelsville borough 2013,803.0,riegelsville borough,2013,3.6,841,558527.0,208480.0,97923.6
47446.0,bensalem township 2014,1552632.0,bensalem township,2014,23095171.2,60425,51799826.2,17061236.2,12171260.8
42100.0,bristol township 2014,1350374.0,bristol township,2014,13001376.2,54431,50845023.4,22779672.6,14864685.0
32052.0,middletown township 2014,821698.0,middletown township,2014,10158842.0,45438,35761347.4,14676232.6,9255358.0
25844.0,falls township 2014,941634.0,falls township,2014,10289867.8,34172,29985709.4,3252842.4,2274266.0
24361.0,warminster township 2014,672310.0,warminster township,2014,6962801.6,32716,23664706.8,11519542.2,5529398.2
14900.0,northampton township 2014,320215.0,northampton township,2014,5977662.4,39675,31307481.8,14873804.6,6638841.2
14123.0,lower southampton township 2014,333589.0,lower southampton township,2014,5210725.0,18960,22710443.8,9964403.4,4616060.2
13897.0,warrington township 2014,374183.0,warrington township,2014,4388905.4,23541,25690258.4,8807408.2,3878542.0
13739.0,lower makefield township 2014,321567.0,lower makefield township,2014,4272883.4,32622,28888632.8,9229315.6,7720460.8
12093.0,newtown township 2014,244828.0,newtown township,2014,4153437.6,19459,14783595.0,8535400.6,809102.8
11086.0,doylestown township 2014,282806.0,doylestown township,2014,2060064.4,17603,11721588.6,7221290.6,2557880.0
9604.0,bristol borough 2014,247836.0,bristol borough,2014,2436731.0,9657,13182814.8,4027684.8,3896834.8
9379.0,doylestown borough 2014,205017.0,doylestown borough,2014,2278172.0,8353,8373202.8,3463501.4,1257126.6
8946.0,upper southampton township 2014,190505.0,upper southampton township,2014,2328158.2,15171,12178423.8,7402079.2,4627133.8
8720.0,warwick township 2014,186933.0,warwick township,2014,2481631.6,14579,11369994.6,6853563.4,3362892.8
8553.0,hilltown township 2014,211713.0,hilltown township,2014,3071438.2,15122,8395341.6,5682948.0,1757302.6
8432.0,quakertown borough 2014,200475.0,quakertown borough,2014,1965901.8,8939,28224681.2,1343809.8,127820.2
8298.0,buckingham township 2014,192764.0,buckingham township,2014,3410731.0,20268,21011685.2,8280824.4,2073774.4
8153.0,morrisville borough 2014,241538.0,morrisville borough,2014,1606348.4,8689,5668777.2,2648485.0,2552813.0
7790.0,richland township 2014,195411.0,richland township,2014,1604372.4,13081,7911155.8,4051265.8,1519617.0
5752.0,plumstead township 2014,141780.0,plumstead township,2014,2591692.6,12730,14396769.8,5932087.6,2579862.6
5604.0,new britain township 2014,129201.0,new britain township,2014,1984414.0,11095,6590953.0,4840521.0,1953596.0
4914.0,solebury township 2014,105492.0,solebury township,2014,1662967.4,8674,15113290.4,7790524.6,4512361.8
4693.0,perkasie borough 2014,113751.0,perkasie borough,2014,2757239.0,8511,18064805.4,1773162.8,467621.8
4495.0,west rockhill township 2014,120259.0,west rockhill township,2014,991926.6,5275,3196814.6,1786112.0,405808.4
4384.0,tullytown borough 2014,138618.0,tullytown borough,2014,1466507.4,1781,5490812.0,703932.8,304205.6
3916.0,upper makefield township 2014,102998.0,upper makefield township,2014,1780950.8,8222,10885247.6,6844307.8,2972600.8
3415.0,new hope borough 2014,86606.0,new hope borough,2014,1496879.0,2526,4642974.0,2073623.8,657836.4
2830.0,penndel borough 2014,61220.0,penndel borough,2014,375713.6,2700,1790819.8,408723.8,283841.2
2781.0,bedminster township 2014,64420.0,bedminster township,2014,964513.0,6847,4475537.2,2577040.8,769049.2
2627.0,milford township 2014,7320.0,milford township,2014,0.0,9928,4780102.6,2529171.4,296047.4
2588.0,yardley borough 2014,47764.0,yardley borough,2014,448353.0,2324,2173052.4,671889.4,483504.2
2423.0,chalfont borough 2014,41746.0,chalfont borough,2014,891137.6,4052,2881861.6,1465095.4,665853.8
2370.0,wrightstown township 2014,52217.0,wrightstown township,2014,530960.2,3056,2478016.6,1614067.4,457140.4
2332.0,sellersville borough 2014,60769.0,sellersville borough,2014,802696.2,4232,4160535.2,1199720.4,578973.8
2313.0,newtown borough 2014,38871.0,newtown borough,2014,579948.2,2240,1899812.6,1398472.0,336591.2
2197.0,springfield township 2014,51778.0,springfield township,2014,456911.2,5040,3284322.8,1526011.8,361574.8
1984.0,tinicum township 2014,52648.0,tinicum township,2014,570238.2,3993,3974998.0,1816396.8,664059.0
1960.0,east rockhill township 2014,60094.0,east rockhill township,2014,919024.4,5719,3817778.8,1958239.6,574708.2
1814.0,new britain borough 2014,41116.0,new britain borough,2014,728032.4,3028,1634076.6,1228088.0,757131.0
1350.0,langhorne borough 2014,25065.0,langhorne borough,2014,195193.2,1503,897003.8,290846.4,169417.2
1134.0,dublin borough 2014,27346.0,dublin borough,2014,366966.0,2158,1987133.8,499698.2,193290.4
1014.0,nockamixon township 2014,6904.0,nockamixon township,2014,0.0,3425,1441197.4,1089202.8,322493.8
604.0,langhorne manor borough 2014,8525.0,langhorne manor borough,2014,84093.8,1446,796027.8,108327.2,86145.2
567.0,ivyland borough 2014,13718.0,ivyland borough,2014,169849.0,1016,808462.8,539325.4,188997.2
479.0,haycock township 2014,3272.0,haycock township,2014,0.0,1999,738303.6,503960.2,154457.6
448.0,hulmeville borough 2014,6492.0,hulmeville borough,2014,63728.8,966,580026.4,103017.6,89774.0
364.0,durham township 2014,4140.0,durham township,2014,0.0,1147,431649.6,266413.0,71533.4
357.0,silverdale borough 2014,8670.0,silverdale borough,2014,77714.8,963,459307.4,146541.4,25589.0
301.0,richlandtown borough 2014,1182.0,richlandtown borough,2014,0.0,1246,554735.8,154626.2,17672.8
227.0,bridgeton township 2014,1200.0,bridgeton township,2014,0.0,1296,361654.0,270108.2,103945.2
226.0,trumbauersville borough 2014,2172.0,trumbauersville borough,2014,0.0,1081,621922.6,140964.4,19846.6
155.0,riegelsville borough 2014,4080.0,riegelsville borough,2014,0.0,842,538827.4,218358.6,103494.6
51476.0,bensalem township 2015,1734259.0,bensalem township,2015,23903436.8,60419,54603238.0,17767129.6,12435207.0
42727.0,bristol township 2015,1527096.0,bristol township,2015,12602705.8,54367,52133725.8,22145716.0,13788578.4
32578.0,middletown township 2015,859333.0,middletown township,2015,10673675.0,45392,36245809.2,16162909.6,9258848.0
24428.0,falls township 2015,882960.0,falls township,2015,10562077.8,34077,28029189.6,3331766.2,2272711.6
21624.0,warminster township 2015,576668.0,warminster township,2015,7003216.2,32685,24753008.8,12181309.0,5872027.8
15950.0,northampton township 2015,316401.0,northampton township,2015,6254147.6,39646,30631515.0,15367531.2,6828695.4
13968.0,warrington township 2015,366218.0,warrington township,2015,5061976.4,23652,27401741.0,9202060.6,3995340.6
13140.0,lower southampton township 2015,322034.0,lower southampton township,2015,5219849.6,19023,20498817.0,10223622.2,4611940.2
13099.0,lower makefield township 2015,326378.0,lower makefield township,2015,4328383.6,32650,27541487.4,9397772.6,7733148.6
10959.0,newtown township 2015,240609.0,newtown township,2015,4291844.8,19548,15357997.8,8743103.8,827047.4
10894.0,doylestown township 2015,299705.0,doylestown township,2015,2180519.4,17606,12106738.6,7560736.8,2715654.0
10470.0,bristol borough 2015,271607.0,bristol borough,2015,2506929.8,9634,12362458.4,4119306.4,3977731.4
9477.0,upper southampton township 2015,207805.0,upper southampton township,2015,2392605.8,15166,12474596.8,7294088.0,4432905.8
9162.0,doylestown borough 2015,204957.0,doylestown borough,2015,2426981.8,8344,8803527.2,3618495.6,1308305.8
8527.0,quakertown borough 2015,215915.0,quakertown borough,2015,2032116.2,8917,28684209.0,1383155.2,127332.4
8351.0,hilltown township 2015,208154.0,hilltown township,2015,3240482.8,15158,8547395.8,5876593.0,1852500.4
8195.0,warwick township 2015,185668.0,warwick township,2015,2475556.6,14616,11251952.2,7038292.2,3375234.4
8136.0,richland township 2015,214406.0,richland township,2015,1602825.2,13097,7137080.6,4154050.8,1574966.2
8116.0,morrisville borough 2015,219150.0,morrisville borough,2015,1627323.4,8666,5740568.2,2759992.0,2650452.4
7761.0,buckingham township 2015,197887.0,buckingham township,2015,3532731.2,20304,21570631.0,8721218.2,2080053.0
5292.0,new britain township 2015,125631.0,new britain township,2015,2124374.0,11130,6774211.8,4985739.0,1987872.4
5202.0,plumstead township 2015,133664.0,plumstead township,2015,2711679.2,12944,13719854.4,6237581.0,2667240.6
5185.0,tullytown borough 2015,140843.0,tullytown borough,2015,1529632.4,1857,5695749.2,732626.6,305976.4
4889.0,solebury township 2015,113676.0,solebury township,2015,1710028.8,8664,17585125.4,8214635.6,4825199.8
4723.0,west rockhill township 2015,118031.0,west rockhill township,2015,986883.0,5277,3235570.0,1859302.4,434186.8
4685.0,perkasie borough 2015,126602.0,perkasie borough,2015,2920674.4,8498,17889544.8,1818222.8,475881.0
3874.0,upper makefield township 2015,96775.0,upper makefield township,2015,1814360.0,8233,13247113.2,6976748.2,2911157.2
3113.0,new hope borough 2015,78359.0,new hope borough,2015,1563752.0,2519,4621060.8,2196309.8,670214.0
2853.0,milford township 2015,8393.0,milford township,2015,0.0,9951,5010347.0,2656892.8,297607.8
2674.0,penndel borough 2015,69229.0,penndel borough,2015,449912.2,2785,2060860.4,462623.4,333321.4
2577.0,bedminster township 2015,60421.0,bedminster township,2015,1028408.4,6938,4304512.0,2709950.8,777692.8
2490.0,yardley borough 2015,69344.0,yardley borough,2015,472315.4,2406,2101944.0,679928.6,490660.2
2342.0,springfield township 2015,56873.0,springfield township,2015,473093.2,5037,3407521.4,1662941.8,447547.8
2329.0,sellersville borough 2015,63100.0,sellersville borough,2015,857705.6,4233,4195236.6,1271044.0,635740.2
2326.0,newtown borough 2015,40075.0,newtown borough,2015,582204.8,2110,2165649.0,1537603.6,398717.4
2319.0,chalfont borough 2015,39033.0,chalfont borough,2015,968296.2,4054,3083525.8,1552495.6,718430.2
2285.0,east rockhill township 2015,75988.0,east rockhill township,2015,916332.0,5736,4050304.2,2052649.4,617547.2
1950.0,wrightstown township 2015,47491.0,wrightstown township,2015,546980.0,3089,2545944.2,1664872.0,447018.0
1858.0,tinicum township 2015,51771.0,tinicum township,2015,604582.2,3984,3849147.6,1796962.6,665323.4
1851.0,new britain borough 2015,43071.0,new britain borough,2015,777278.4,3026,1705101.2,1276988.0,796501.8
1252.0,langhorne borough 2015,22447.0,langhorne borough,2015,207583.4,1488,936822.6,302989.2,189562.2
1171.0,nockamixon township 2015,9157.0,nockamixon township,2015,0.0,3428,1456097.8,1100719.0,320504.6
1137.0,dublin borough 2015,28615.0,dublin borough,2015,383280.0,2120,2118001.8,519376.8,206125.0
799.0,hulmeville borough 2015,11187.0,hulmeville borough,2015,68816.6,926,461602.6,112138.0,96792.2
574.0,langhorne manor borough 2015,8379.0,langhorne manor borough,2015,87584.6,1494,893379.8,121878.8,87005.2
563.0,ivyland borough 2015,15569.0,ivyland borough,2015,173651.0,1026,854444.8,559705.8,194559.2
480.0,haycock township 2015,3080.0,haycock township,2015,0.0,2043,755442.2,534156.4,169645.4
375.0,silverdale borough 2015,7844.0,silverdale borough,2015,81600.6,923,491429.2,148379.8,25659.6
369.0,richlandtown borough 2015,1786.0,richlandtown borough,2015,0.0,1268,578748.4,164592.8,24022.4
298.0,durham township 2015,2652.0,durham township,2015,0.0,1148,407630.2,283077.0,80089.2
261.0,bridgeton township 2015,1588.0,bridgeton township,2015,0.0,1214,368803.2,278361.4,104944.8
215.0,trumbauersville borough 2015,1768.0,trumbauersville borough,2015,0.0,1016,607885.0,144025.2,19880.8
199.0,riegelsville borough 2015,1053.0,riegelsville borough,2015,0.0,838,528215.6,226862.2,105851.0
53547.0,bensalem township 2016,1850519.0,bensalem township,2016,23694107.2,60354,55297368.6,20148590.4,12341147.8
43686.0,bristol township 2016,1495275.0,bristol township,2016,12407937.8,54170,52551675.6,21449732.0,12697725.4
32241.0,middletown township 2016,846607.0,middletown township,2016,11154588.2,45318,37861842.2,17812289.0,9276258.8
26729.0,falls township 2016,872614.0,falls township,2016,10967356.8,33969,26986526.8,3430766.6,2270042.2
22359.0,warminster township 2016,622387.0,warminster township,2016,7156372.0,32603,24832518.2,12412070.6,5872465.4
17254.0,northampton township 2016,359060.0,northampton township,2016,6484000.0,39562,31359768.6,15825896.0,7033230.0
15270.0,warrington township 2016,430125.0,warrington township,2016,5589810.8,23779,30295632.4,9745518.8,4132939.0
13684.0,lower makefield township 2016,327493.0,lower makefield township,2016,4455488.2,32662,33139795.2,9593288.4,7760532.6
13619.0,lower southampton township 2016,346794.0,lower southampton township,2016,5099145.8,19022,21017290.0,10092397.0,4167635.4
11684.0,doylestown township 2016,298188.0,doylestown township,2016,2247056.8,17578,12667748.0,7756783.6,2752333.8
10933.0,bristol borough 2016,284043.0,bristol borough,2016,2656634.6,9593,12827379.6,4252227.8,4095017.0
10602.0,upper southampton township 2016,232401.0,upper southampton township,2016,2486144.4,15132,12906292.6,7475841.8,4517011.0
10261.0,newtown township 2016,241754.0,newtown township,2016,4439160.2,19599,15902659.4,8891831.8,833792.4
9091.0,morrisville borough 2016,235388.0,morrisville borough,2016,1649433.0,8611,5785745.2,2892743.8,2769309.6
8857.0,doylestown borough 2016,215817.0,doylestown borough,2016,2506660.8,8305,8760572.4,3775990.8,1358925.2
8838.0,quakertown borough 2016,246096.0,quakertown borough,2016,2178621.4,8869,29986203.0,1439404.0,127849.2
8653.0,richland township 2016,226762.0,richland township,2016,1603990.6,13124,7361934.6,4336816.6,1643857.2
8421.0,warwick township 2016,197826.0,warwick township,2016,2510527.8,14642,10928215.0,7182545.4,3386693.8
8337.0,hilltown township 2016,214357.0,hilltown township,2016,3345012.4,15181,8674997.0,5870885.8,1869362.8
7758.0,buckingham township 2016,210333.0,buckingham township,2016,3634719.6,20328,22712822.4,9088686.2,2085886.2
5636.0,plumstead township 2016,133025.0,plumstead township,2016,2815170.6,13167,15336546.0,6496933.2,2757565.4
5339.0,new britain township 2016,132647.0,new britain township,2016,2238024.6,11158,6904747.6,5022911.8,2003479.8
5144.0,solebury township 2016,119069.0,solebury township,2016,1748379.8,8644,17125770.8,8525255.6,4991997.8
4832.0,west rockhill township 2016,108171.0,west rockhill township,2016,1003900.6,5264,3320677.4,1931551.0,465447.2
4801.0,perkasie borough 2016,131966.0,perkasie borough,2016,3057730.2,8495,17567472.6,1882378.4,484205.6
4537.0,tullytown borough 2016,134619.0,tullytown borough,2016,1645401.6,1825,5587644.6,748794.4,308140.0
3893.0,upper makefield township 2016,103825.0,upper makefield township,2016,1859103.6,8278,12322446.4,7039473.4,2773510.4
3281.0,new hope borough 2016,87647.0,new hope borough,2016,1640203.2,2385,5038951.8,2470372.2,693386.8
2783.0,milford township 2016,9791.0,milford township,2016,0.0,9973,5321211.8,2789958.4,298214.0
2719.0,springfield township 2016,69566.0,springfield township,2016,508454.8,5038,3687741.4,1909851.0,583207.4
2698.0,bedminster township 2016,64952.0,bedminster township,2016,1123640.0,6967,4288045.2,2855033.0,783346.2
2557.0,penndel borough 2016,70619.0,penndel borough,2016,473167.8,2823,2172012.2,499338.2,379482.6
2382.0,yardley borough 2016,63741.0,yardley borough,2016,507305.8,2392,2353836.0,711193.8,495660.4
2206.0,sellersville borough 2016,63387.0,sellersville borough,2016,892174.0,4226,4496251.6,1361395.8,694609.2
2114.0,east rockhill township 2016,59667.0,east rockhill township,2016,903059.0,5728,4179543.0,2159521.6,658394.2
2101.0,newtown borough 2016,39790.0,newtown borough,2016,636858.0,2028,2274993.8,1617138.0,456645.2
1981.0,wrightstown township 2016,52305.0,wrightstown township,2016,574329.0,3098,2839950.2,1728108.8,466700.4
1980.0,tinicum township 2016,48555.0,tinicum township,2016,628878.6,3969,3971554.6,1893721.2,665030.8
1892.0,chalfont borough 2016,38349.0,chalfont borough,2016,1003676.6,4054,3200906.6,1640288.6,761621.2
1665.0,new britain borough 2016,39474.0,new britain borough,2016,849460.8,3025,1806266.8,1332594.0,831561.4
1445.0,langhorne borough 2016,25075.0,langhorne borough,2016,216784.0,1606,1067992.0,337374.8,209901.4
1219.0,nockamixon township 2016,10823.0,nockamixon township,2016,0.0,3415,1493480.6,1126341.0,322995.2
1149.0,dublin borough 2016,25533.0,dublin borough,2016,392967.6,2121,2143606.4,534792.0,224748.8
718.0,ivyland borough 2016,13726.0,ivyland borough,2016,177541.0,933,884650.6,563938.4,194993.6
641.0,haycock township 2016,4451.0,haycock township,2016,0.0,2069,828158.6,559127.2,172549.4
559.0,langhorne manor borough 2016,6615.0,langhorne manor borough,2016,95307.8,1430,921463.8,124129.8,89036.4
492.0,hulmeville borough 2016,8354.0,hulmeville borough,2016,76673.6,965,434013.0,125532.8,108436.2
349.0,silverdale borough 2016,7758.0,silverdale borough,2016,85680.8,917,532375.0,153866.4,25750.6
334.0,durham township 2016,2187.0,durham township,2016,0.0,1148,420891.6,297948.0,87979.6
329.0,richlandtown borough 2016,2209.0,richlandtown borough,2016,0.0,1478,558581.2,177757.0,30494.6
275.0,bridgeton township 2016,1736.0,bridgeton township,2016,0.0,1223,377529.4,288288.2,104817.6
213.0,trumbauersville borough 2016,970.0,trumbauersville borough,2016,0.0,1009,651577.8,147437.4,19940.8
168.0,riegelsville borough 2016,806.0,riegelsville borough,2016,0.0,757,567225.0,239024.6,107476.2
56124.0,bensalem township 2017,1821736.0,bensalem township,2017,24540374.4,60418,58824203.4,23996123.0,12423715.6
43130.0,bristol township 2017,1513546.0,bristol township,2017,11726806.0,54036,56343854.0,20659317.4,11644638.4
31800.0,middletown township 2017,847082.0,middletown township,2017,11769785.2,45224,38415753.6,19618231.6,9247877.8
27513.0,falls township 2017,1027411.0,falls township,2017,11368307.8,33954,26968333.0,3488827.2,2270786.0
24056.0,warminster township 2017,668866.0,warminster township,2017,7260270.2,32548,25077806.2,12707351.0,5917663.2
19268.0,northampton township 2017,376516.0,northampton township,2017,6688795.2,39411,32167676.8,16236165.8,7240719.4
15589.0,warrington township 2017,407033.0,warrington township,2017,5884430.4,23920,30060174.8,10136517.2,4317502.8
14937.0,lower southampton township 2017,376896.0,lower southampton township,2017,5048226.8,19081,21574740.8,9997969.6,3766513.4
14170.0,lower makefield township 2017,332101.0,lower makefield township,2017,4587628.2,32621,34524580.8,10036759.0,8048126.0
11644.0,bristol borough 2017,289514.0,bristol borough,2017,2820189.6,9645,12341674.8,4400921.4,4215909.8
11131.0,upper southampton township 2017,243071.0,upper southampton township,2017,2592053.4,15088,13091905.0,7610061.2,4600389.0
11109.0,doylestown township 2017,284049.0,doylestown township,2017,2350328.6,17512,15235939.2,7983662.0,2848992.0
10065.0,newtown township 2017,249542.0,newtown township,2017,4585151.8,19582,16340822.6,9141181.2,908484.4
9824.0,morrisville borough 2017,251393.0,morrisville borough,2017,1668157.0,8630,6028107.6,3032831.4,2886587.0
9199.0,doylestown borough 2017,207831.0,doylestown borough,2017,2594590.4,8307,9039026.8,3903365.8,1412216.6
8782.0,buckingham township 2017,225704.0,buckingham township,2017,3735977.8,20306,21012226.0,9291203.4,1978469.2
8580.0,quakertown borough 2017,253744.0,quakertown borough,2017,2287613.4,8889,30434566.6,1471957.4,127966.8
8313.0,warwick township 2017,189870.0,warwick township,2017,2548140.4,14594,11108101.8,7260800.0,3409613.4
8273.0,richland township 2017,215696.0,richland township,2017,1599293.8,13221,7459670.6,4460245.0,1708037.8
8248.0,hilltown township 2017,210421.0,hilltown township,2017,3436398.0,15242,8908237.6,5780507.6,1892163.8
5569.0,solebury township 2017,143512.0,solebury township,2017,1831295.6,8625,17862770.4,8780864.4,5130684.4
5245.0,west rockhill township 2017,118598.0,west rockhill township,2017,1022574.2,5265,3601184.8,1976260.6,492057.4
5240.0,plumstead township 2017,129040.0,plumstead township,2017,2879462.6,13424,15512067.6,6728417.2,2849400.0
4914.0,perkasie borough 2017,144107.0,perkasie borough,2017,3167479.4,8505,17450857.0,1952157.2,495689.0
4904.0,new britain township 2017,125605.0,new britain township,2017,2364421.8,11179,7065148.0,5057222.4,2014521.0
4256.0,tullytown borough 2017,152678.0,tullytown borough,2017,1671795.0,1887,4987533.2,759456.6,306311.6
4017.0,upper makefield township 2017,107886.0,upper makefield township,2017,1941122.6,8291,12359578.8,7112061.2,2558958.6
3764.0,new hope borough 2017,94653.0,new hope borough,2017,1696294.4,2506,4752051.0,2561896.0,723813.0
2911.0,bedminster township 2017,72454.0,bedminster township,2017,1199004.6,7034,4423946.8,2940170.0,791262.2
2885.0,yardley borough 2017,68621.0,yardley borough,2017,536699.2,2289,2515211.8,788605.0,557209.8
2807.0,milford township 2017,9344.0,milford township,2017,0.0,10002,5579348.0,2961832.6,299897.6
2496.0,penndel borough 2017,67157.0,penndel borough,2017,464719.2,3029,2286703.2,551227.2,430643.2
2479.0,springfield township 2017,54894.0,springfield township,2017,514746.2,5038,2805275.4,2069970.4,706474.6
2420.0,east rockhill township 2017,68816.0,east rockhill township,2017,891517.8,5733,4259064.4,2231846.0,689235.4
2319.0,sellersville borough 2017,72641.0,sellersville borough,2017,926497.2,4249,4962769.0,1454536.2,759228.8
2132.0,newtown borough 2017,45736.0,newtown borough,2017,684412.4,2041,2420541.4,1706556.8,496584.0
1958.0,chalfont borough 2017,40881.0,chalfont borough,2017,1029560.8,4082,3288288.2,1708871.4,798073.0
1844.0,wrightstown township 2017,54868.0,wrightstown township,2017,603045.6,3106,3109269.2,1778097.8,473840.8
1801.0,new britain borough 2017,51205.0,new britain borough,2017,904956.2,3031,1884216.6,1391441.2,868773.4
1791.0,tinicum township 2017,48432.0,tinicum township,2017,647410.6,3971,2485821.4,1897617.6,665292.4
1369.0,langhorne borough 2017,28467.0,langhorne borough,2017,226559.4,1536,1098736.6,359568.2,236877.4
1194.0,dublin borough 2017,27914.0,dublin borough,2017,402436.8,2081,2218070.4,554917.8,244587.0
1135.0,nockamixon township 2017,12332.0,nockamixon township,2017,0.0,3414,1535931.8,1152730.8,323815.4
883.0,ivyland borough 2017,17369.0,ivyland borough,2017,171563.6,979,847773.6,559521.0,193801.8
647.0,haycock township 2017,4790.0,haycock township,2017,0.0,2133,942950.6,578223.2,178392.8
594.0,hulmeville borough 2017,7604.0,hulmeville borough,2017,82635.8,967,455739.8,140066.6,120073.8
548.0,langhorne manor borough 2017,6931.0,langhorne manor borough,2017,95171.2,1569,934061.6,123016.4,88330.6
380.0,silverdale borough 2017,7465.0,silverdale borough,2017,89965.0,758,543218.2,158172.8,25783.8
377.0,richlandtown borough 2017,2701.0,richlandtown borough,2017,0.0,1325,575019.0,181565.8,37260.8
281.0,durham township 2017,1619.0,durham township,2017,0.0,1141,435102.2,311156.8,96505.6
253.0,bridgeton township 2017,1579.0,bridgeton township,2017,0.0,1145,389766.8,299653.6,105491.0
178.0,trumbauersville borough 2017,1185.0,trumbauersville borough,2017,0.0,974,667919.0,151814.4,19976.4
151.0,riegelsville borough 2017,1178.0,riegelsville borough,2017,0.0,758,579588.2,244847.2,109965.0
,upper makefield township 2010,,upper makefield township,2010,1685810.0,8038,16405988.8,6348072.4,2859964.4
,sellersville borough 2010,,sellersville borough,2010,592958.6,4315,3853114.6,944652.4,318409.8
,bensalem township 2010,,bensalem township,2010,18387417.6,60275,49393448.0,16118935.4,10951902.8
,richlandtown borough 2010,,richlandtown borough,2010,0.0,1598,470507.8,150511.4,11153.2
,riegelsville borough 2010,,riegelsville borough,2010,3.6,658,476233.0,183394.2,74771.8
,nockamixon township 2010,,nockamixon township,2010,0.0,3459,1227219.4,845930.6,107161.8
,falls township 2010,,falls township,2010,8282077.8,34540,34820284.8,3607167.4,2390611.8
,haycock township 2010,,haycock township,2010,0.0,2316,660183.2,408603.0,59244.6
,lower southampton township 2010,,lower southampton township,2010,4003864.0,19070,20040784.6,8421882.6,4119799.8
,middletown township 2010,,middletown township,2010,8369496.6,45396,32047311.0,12332685.4,7752520.4
,solebury township 2010,,solebury township,2010,1453762.0,8524,12501374.0,6697517.0,3387976.6
,warwick township 2010,,warwick township,2010,2040212.4,14052,10561007.0,5662698.4,2646748.2
,wrightstown township 2010,,wrightstown township,2010,422109.4,2973,5491757.4,1422381.4,464009.0
,richland township 2010,,richland township,2010,1450925.8,12478,7282885.2,3215876.8,918319.4
,buckingham township 2010,,buckingham township,2010,3027480.2,19504,18950385.2,6248889.8,856275.6
,silverdale borough 2010,,silverdale borough,2010,61052.6,805,422095.6,152009.2,26123.0
,northampton township 2010,,northampton township,2010,4867264.4,39822,30554197.6,12600458.2,5167353.2
,springfield township 2010,,springfield township,2010,365137.2,5027,3367191.2,1498891.2,282073.4
,bristol borough 2010,,bristol borough,2010,2344344.0,9831,15074255.6,3998788.0,3816477.8
,trumbauersville borough 2010,,trumbauersville borough,2010,0.0,966,593552.6,146016.8,24436.2
,tullytown borough 2010,,tullytown borough,2010,1120318.8,1876,9758553.6,482804.8,253244.8
,yardley borough 2010,,yardley borough,2010,384791.8,2304,2013657.8,704677.4,481222.8
,langhorne manor borough 2010,,langhorne manor borough,2010,71588.2,987,699814.2,111899.4,81801.2
,bedminster township 2010,,bedminster township,2010,830531.6,6279,3542464.0,2213295.2,732830.4
,new britain borough 2010,,new britain borough,2010,565338.4,3139,1656300.4,1015745.6,551297.4
,newtown borough 2010,,newtown borough,2010,462434.2,2255,1889303.8,1099055.4,249268.2
,bridgeton township 2010,,bridgeton township,2010,0.0,1397,322743.2,226925.6,62041.4
,chalfont borough 2010,,chalfont borough,2010,687229.0,4000,2229936.0,1251310.2,509215.8
,doylestown borough 2010,,doylestown borough,2010,1717404.4,8388,7339165.6,3072992.6,1014713.6
,dublin borough 2010,,dublin borough,2010,264264.6,2268,1869697.6,476953.8,185718.4
,upper southampton township 2010,,upper southampton township,2010,2199625.8,15335,10731927.2,7953398.8,5212718.4
,warminster township 2010,,warminster township,2010,7046820.4,32578,22779728.0,10143919.0,4123608.4
,west rockhill township 2010,,west rockhill township,2010,925143.6,5110,2930143.0,1812034.8,438702.4
,warrington township 2010,,warrington township,2010,3381359.4,22471,24211554.8,7445048.4,2919979.2
,perkasie borough 2010,,perkasie borough,2010,2396097.8,8604,15462821.4,1750466.4,468967.0
,tinicum township 2010,,tinicum township,2010,475361.0,4054,3861088.4,1600155.8,496531.0
,hilltown township 2010,,hilltown township,2010,2747371.4,14567,7646295.2,4903632.4,1408628.4
,plumstead township 2010,,plumstead township,2010,2128711.0,12265,12226483.4,4700509.0,1895308.0
,hulmeville borough 2010,,hulmeville borough,2010,52821.4,995,528008.6,86689.6,69624.4
,ivyland borough 2010,,ivyland borough,2010,160653.4,733,722201.6,438878.8,167606.0
,doylestown township 2010,,doylestown township,2010,1980847.0,17670,11664552.2,6257758.6,1890193.6
,penndel borough 2010,,penndel borough,2010,264222.8,2347,1400276.4,284534.2,188318.4
,new hope borough 2010,,new hope borough,2010,1231376.2,2509,4273120.4,1641083.0,576678.0
,lower makefield township 2010,,lower makefield township,2010,3767879.6,32721,25105738.0,8638223.4,7221827.0
,durham township 2010,,durham township,2010,0.0,1212,536560.6,214938.2,21322.4
,east rockhill township 2010,,east rockhill township,2010,887189.8,5626,3606934.0,1682269.0,435682.8
,new britain township 2010,,new britain township,2010,1599854.6,11047,6552995.6,4458289.0,1802525.4
,quakertown borough 2010,,quakertown borough,2010,1882654.0,9055,26719668.8,1298687.4,129233.0
,newtown township 2010,,newtown township,2010,3700729.8,19192,15511743.0,7798949.4,799028.0
,milford township 2010,,milford township,2010,0.0,9776,5412466.0,2091708.0,303393.0
,morrisville borough 2010,,morrisville borough,2010,1433508.6,9020,5414889.6,2291254.2,2119955.6
,langhorne borough 2010,,langhorne borough,2010,175307.4,2142,850069.4,269529.4,150709.6
,bristol township 2010,,bristol township,2010,11359467.2,55003,38501899.2,18352956.0,10566124.6
,upper makefield township 2011,,upper makefield township,2011,1728822.4,8108,13458102.6,6559340.6,2908907.6
,sellersville borough 2011,,sellersville borough,2011,649693.8,4298,4137127.6,1010293.0,390076.8
,bensalem township 2011,,bensalem township,2011,20807337.2,60371,48511126.4,16350231.2,11342809.0
,richlandtown borough 2011,,richlandtown borough,2011,0.0,1478,560293.6,145137.6,11170.8
,riegelsville borough 2011,,riegelsville borough,2011,3.6,726,499468.6,194931.0,85616.6
,nockamixon township 2011,,nockamixon township,2011,0.0,3454,1276478.0,913088.6,160733.0
,falls township 2011,,falls township,2011,8707377.8,34466,34696055.4,3350000.8,2341690.0
,haycock township 2011,,haycock township,2011,0.0,2317,673080.2,418098.8,84190.4
,lower southampton township 2011,,lower southampton township,2011,4572984.2,19008,20883855.0,8895397.8,4202370.0
,middletown township 2011,,middletown township,2011,8805331.6,45451,32382739.0,12852418.4,8372604.6
,solebury township 2011,,solebury township,2011,1477894.4,8600,12461735.2,6993129.4,3805575.6
,warwick township 2011,,warwick township,2011,2134701.6,14222,10729958.8,5925097.0,2873116.6
,wrightstown township 2011,,wrightstown township,2011,443215.0,2993,5151127.4,1436047.0,469509.4
,richland township 2011,,richland township,2011,1520385.8,12738,7166870.6,3406683.0,1076689.2
,buckingham township 2011,,buckingham township,2011,3108146.0,19749,17640308.4,6557192.2,1136269.8
,silverdale borough 2011,,silverdale borough,2011,65754.2,905,428228.6,150332.0,25732.4
,northampton township 2011,,northampton township,2011,5193750.0,39825,30629738.8,13171171.4,5715657.2
,springfield township 2011,,springfield township,2011,379008.6,5040,3333155.8,1496139.6,286340.8
,bristol borough 2011,,bristol borough,2011,2389507.0,9791,14674978.4,3953492.6,3816364.0
,trumbauersville borough 2011,,trumbauersville borough,2011,0.0,1049,588809.0,142827.4,23354.4
,tullytown borough 2011,,tullytown borough,2011,1184048.2,1919,8772472.2,535190.0,264632.4
,yardley borough 2011,,yardley borough,2011,383950.4,2345,2075385.6,691799.0,480906.2
,langhorne manor borough 2011,,langhorne manor borough,2011,71572.0,1316,722479.2,113272.8,83975.6
,bedminster township 2011,,bedminster township,2011,881286.4,6405,3707169.2,2232714.8,739823.8
,new britain borough 2011,,new britain borough,2011,591574.4,3144,1584643.8,1080209.6,614879.0
,newtown borough 2011,,newtown borough,2011,495825.2,2236,1832141.8,1133037.6,255645.2
,bridgeton township 2011,,bridgeton township,2011,0.0,1385,335411.0,237024.8,72740.0
,chalfont borough 2011,,chalfont borough,2011,737333.0,3997,2452922.8,1287195.6,542983.0
,doylestown borough 2011,,doylestown borough,2011,1851557.2,8389,7585819.8,3082055.8,1081112.6
,dublin borough 2011,,dublin borough,2011,294941.8,2223,1897337.0,484325.2,185190.2
,upper southampton township 2011,,upper southampton township,2011,2261010.8,15269,11218070.4,7873728.6,5172829.6
,warminster township 2011,,warminster township,2011,7011025.2,32650,23297027.0,10397046.6,4498670.4
,west rockhill township 2011,,west rockhill township,2011,957378.2,5173,2913594.0,1819490.0,402680.4
,warrington township 2011,,warrington township,2011,3492731.2,22880,23737731.4,7764769.2,3302276.4
,perkasie borough 2011,,perkasie borough,2011,2511587.2,8560,16234255.2,1729182.4,468286.0
,tinicum township 2011,,tinicum township,2011,483680.4,4037,3703092.2,1667438.6,557160.6
,hilltown township 2011,,hilltown township,2011,2817073.0,14771,7747103.0,4995846.6,1498912.6
,plumstead township 2011,,plumstead township,2011,2195357.2,12354,12178089.0,4891914.0,2047743.6
,hulmeville borough 2011,,hulmeville borough,2011,53540.6,1026,584547.4,91008.4,76398.6
,ivyland borough 2011,,ivyland borough,2011,167478.0,993,746865.6,457626.8,176298.8
,doylestown township 2011,,doylestown township,2011,2011659.4,17639,11778937.6,6493505.0,2062216.8
,penndel borough 2011,,penndel borough,2011,280366.2,2408,1510105.0,320677.8,205689.8
,new hope borough 2011,,new hope borough,2011,1281568.6,2516,4801147.2,1702808.4,596120.0
,lower makefield township 2011,,lower makefield township,2011,3929931.2,32661,25535470.4,8820238.6,7470260.2
,durham township 2011,,durham township,2011,0.0,1291,546187.8,224415.0,33871.6
,east rockhill township 2011,,east rockhill township,2011,916850.0,5672,3479347.2,1750272.2,459875.4
,new britain township 2011,,new britain township,2011,1675519.4,11057,6083081.6,4575571.2,1853178.6
,quakertown borough 2011,,quakertown borough,2011,1868723.2,9025,26217355.2,1322756.2,129338.0
,newtown township 2011,,newtown township,2011,3856019.8,19256,15025190.8,7916708.8,798353.6
,milford township 2011,,milford township,2011,0.0,9836,5229193.8,2206765.0,308545.8
,morrisville borough 2011,,morrisville borough,2011,1497263.0,8890,5585640.4,2445546.4,2313653.0
,langhorne borough 2011,,langhorne borough,2011,186211.8,1505,751285.6,248652.8,155888.8
,bristol township 2011,,bristol township,2011,11476134.0,54874,40383830.4,19514353.4,11911463.4
